name,type,pp,atk,acc,desc
Attack Order,bug,15,90,100,The user calls out its underlings to pummel the target. Critical hits land more easily.
Bug Bite,bug,20,60,100,"The user bites the target. If the target is holding a Berry, the user eats it and gains its effect."
Bug Buzz,bug,10,90,100,The user generates a damaging sound wave by vibration. This may also lower the target's Sp. Def stat.
Defend Order,bug,10,--,--,"The user calls out its underlings to shield its body, raising its Defense and Sp. Def stats."
Fell Stinger,bug,25,50,100,"When the user knocks out a target with this move, the user's Attack stat rises drastically."
First Impression,bug,10,90,100,"Although this move has great power, it only works the first turn the user is in battle."
Fury Cutter,bug,20,40,95,The target is slashed with scythes or claws. This attack becomes more powerful if it hits in succession.
Heal Order,bug,10,--,--,The user calls out its underlings to heal it. The user regains up to half of its max HP.
Infestation,bug,20,20,100,The target is infested and attacked for four to five turns. The target can't flee during this time.
Leech Life,bug,10,80,100,The user drains the target's blood. The user's HP is restored by half the damage taken by the target.
Lunge,bug,15,80,100,"The user makes a lunge at the target, attacking with full force. This also lowers the target's Attack stat."
Megahorn,bug,10,120,85,"Using its tough and impressive horn, the user rams into the target with no letup."
Pin Missile,bug,20,25,95,Sharp spikes are shot at the target in rapid succession. They hit two to five times in a row.
Pollen Puff,bug,15,90,100,"The user attacks the enemy with a pollen puff that explodes. If the target is an ally, it gives the ally a pollen puff that restores its HP instead."
Powder,bug,20,--,100,"The user covers the target in a combustible powder. If the target uses a Fire-type move, the powder explodes and damages the target."
Quiver Dance,bug,20,--,--,"The user lightly performs a beautiful, mystic dance. This boosts the user's Sp. Atk, Sp. Def, and Speed stats."
Rage Powder,bug,20,--,--,The user scatters a cloud of irritating powder to draw attention to itself. Opponents aim only at the user.
Savage Spin-Out,bug,1,--,--,"The user binds the target with full force with threads of silk that the user spits using its Z-Power. The power varies, depending on the original move."
Savage Spin-Out,bug,1,--,--,"The user binds the target with full force with threads of silk that the user spits using its Z-Power. The power varies, depending on the original move."
Signal Beam,bug,15,75,100,The user attacks with a sinister beam of light. This may also confuse the target.
Silver Wind,bug,5,60,100,The target is attacked with powdery scales blown by the wind. This may also raise all the user's stats.
Spider Web,bug,10,--,--,"The user ensnares the target with thin, gooey silk so it can't flee from battle."
Steamroller,bug,20,65,100,The user crushes its target by rolling over the target with its rolled-up body. This may also make the target flinch.
Sticky Web,bug,20,--,--,"The user weaves a sticky net around the opposing team, which lowers their Speed stat upon switching into battle."
String Shot,bug,40,--,95,The opposing Pokémon are bound with silk blown from the user's mouth that harshly lowers the Speed stat.
Struggle Bug,bug,20,50,100,"While resisting, the user attacks the opposing Pokémon. This lowers the Sp. Atk stat of those hit."
Tail Glow,bug,20,--,--,"The user stares at flashing lights to focus its mind, drastically raising its Sp. Atk stat."
Twineedle,bug,20,25,100,The user damages the target twice in succession by jabbing it with two spikes. This may also poison the target.
U-turn,bug,20,70,100,"After making its attack, the user rushes back to switch places with a party Pokémon in waiting."
X-Scissor,bug,15,80,100,The user slashes at the target by crossing its scythes or claws as if they were a pair of scissors.
Assurance,dark,10,60,100,"If the target has already taken some damage in the same turn, this attack's power is doubled."
Beat Up,dark,10,--,100,"The user gets all party Pokémon to attack the target. The more party Pokémon, the greater the number of attacks."
Bite,dark,25,60,100,The target is bitten with viciously sharp fangs. This may also make the target flinch.
Black Hole Eclipse,dark,1,--,--,"The user gathers dark energy using its Z-Power and sucks the target into it. The power varies, depending on the original move."
Black Hole Eclipse,dark,1,--,--,"The user gathers dark energy using its Z-Power and sucks the target into it. The power varies, depending on the original move."
Brutal Swing,dark,20,60,100,The user swings its body around violently to inflict damage on everything in its vicinity.
Crunch,dark,15,80,100,The user crunches up the target with sharp fangs. This may also lower the target's Defense stat.
Dark Pulse,dark,15,80,100,The user releases a horrible aura imbued with dark thoughts. This may also make the target flinch.
Dark Void,dark,10,--,50,Opposing Pokémon are dragged into a world of total darkness that makes them sleep.
Darkest Lariat,dark,10,85,100,The user swings both arms and hits the target. The target's stat changes don't affect this attack's damage.
Embargo,dark,15,--,100,This move prevents the target from using its held item for five turns. Its Trainer is also prevented from using items on it.
Fake Tears,dark,20,--,100,"The user feigns crying to fluster the target, harshly lowering its Sp. Def stat."
Feint Attack,dark,20,60,--,"The user approaches the target disarmingly, then throws a sucker punch. This attack never misses."
Flatter,dark,15,--,100,"Flattery is used to confuse the target. However, this also raises the target's Sp. Atk stat."
Fling,dark,10,--,100,The user flings its held item at the target to attack. This move's power and effects depend on the item.
Foul Play,dark,15,95,100,"The user turns the target's power against it. The higher the target's Attack stat, the greater the move's power."
Hone Claws,dark,15,--,--,The user sharpens its claws to boost its Attack stat and accuracy.
Hyperspace Fury,dark,5,100,--,"Using its many arms, the user unleashes a barrage of attacks that ignore the effects of moves like Protect and Detect. But the user's Defense stat falls."
Knock Off,dark,20,65,100,"The user slaps down the target's held item, and that item can't be used in that battle. The move does more damage if the target has a held item."
Malicious Moonsault,dark,1,180,--,"The user, Incineroar, strengthens its body using its Z-Power and crashes into the target with full force."
Memento,dark,10,--,100,"The user faints when using this move. In return, this harshly lowers the target's Attack and Sp. Atk stats."
Nasty Plot,dark,20,--,--,The user stimulates its brain by thinking bad thoughts. This sharply raises the user's Sp. Atk stat.
Night Daze,dark,10,85,95,The user lets loose a pitch-black shock wave at its target. This may also lower the target's accuracy.
Night Slash,dark,15,70,100,The user slashes the target the instant an opportunity arises. Critical hits land more easily.
Parting Shot,dark,20,--,100,"With a parting threat, the user lowers the target's Attack and Sp. Atk stats. Then it switches with a party Pokémon."
Payback,dark,10,50,100,"The user stores power, then attacks. If the user moves after the target, this attack's power will be doubled."
Power Trip,dark,10,20,100,"The user boasts its strength and attacks the target. The more the user's stats are raised, the greater the move's power."
Punishment,dark,5,--,100,"The more the target has powered up with stat changes, the greater the move's power."
Pursuit,dark,20,40,100,The power of this attack move is doubled if it's used on a target that's switching out of battle.
Quash,dark,15,--,100,The user suppresses the target and makes its move go last.
Snarl,dark,15,55,95,"The user yells as if it's ranting about something, which lowers the Sp. Atk stat of opposing Pokémon."
Snatch,dark,10,--,--,The user steals the effects of any attempts to use a healing or stat-changing move.
Sucker Punch,dark,5,70,100,This move enables the user to attack first. This move fails if the target is not readying an attack.
Switcheroo,dark,10,--,100,The user trades held items with the target faster than the eye can follow.
Taunt,dark,20,--,100,The target is taunted into a rage that allows it to use only attack moves for three turns.
Thief,dark,25,60,100,The user attacks and steals the target's held item simultaneously. The user can't steal anything if it already holds an item.
Throat Chop,dark,15,80,100,"The user attacks the target's throat, and the resultant suffering prevents the target from using moves that emit sound for two turns."
Topsy-Turvy,dark,20,--,--,All stat changes affecting the target turn topsy-turvy and become the opposite of what they were.
Torment,dark,15,--,100,"The user torments and enrages the target, making it incapable of using the same move twice in a row."
Clanging Scales,dragon,5,110,100,The user rubs the scales on its entire body and makes a huge noise to attack the opposing Pokémon. The user's Defense stat goes down after the attack.
Clangorous Soulblaze,dragon,1,185,--,"After obtaining Z-Power, the user, Kommo-o, attacks the opposing PokÃ©mon with full force. This move boosts the user's stats."
Core Enforcer,dragon,10,100,100,"If the Pokémon the user has inflicted damage on have already used their moves, this move eliminates the effect of the target's Ability."
Devastating Drake,dragon,1,--,--,"The user materializes its aura using its Z-Power and attacks the target with full force. The power varies, depending on the original move."
Devastating Drake,dragon,1,--,--,"The user materializes its aura using its Z-Power and attacks the target with full force. The power varies, depending on the original move."
Draco Meteor,dragon,5,130,90,Comets are summoned down from the sky onto the target. The attack's recoil harshly lowers the user's Sp. Atk stat.
Dragon Breath,dragon,20,60,100,The user exhales a mighty gust that inflicts damage. This may also leave the target with paralysis.
Dragon Claw,dragon,15,80,100,The user slashes the target with huge sharp claws.
Dragon Dance,dragon,20,--,--,"The user vigorously performs a mystic, powerful dance that raises its Attack and Speed stats."
Dragon Hammer,dragon,15,90,100,The user uses its body like a hammer to attack the target and inflict damage.
Dragon Pulse,dragon,10,85,100,The target is attacked with a shock wave generated by the user's gaping mouth.
Dragon Rage,dragon,10,--,100,This attack hits the target with a shock wave of pure rage. This attack always inflicts 40 HP damage.
Dragon Rush,dragon,10,100,75,The user tackles the target while exhibiting overwhelming menace. This may also make the target flinch.
Dragon Tail,dragon,10,60,90,"The target is knocked away, and a different Pokémon is dragged out. In the wild, this ends a battle against a single Pokémon."
Dual Chop,dragon,15,40,90,The user attacks its target by hitting it with brutal strikes. The target is hit twice in a row.
Outrage,dragon,10,120,100,The user rampages and attacks for two to three turns. The user then becomes confused.
Roar of Time,dragon,5,150,90,The user blasts the target with power that distorts even time. The user can't move on the next turn.
Spacial Rend,dragon,5,100,95,The user tears the target along with the space around it. Critical hits land more easily.
Twister,dragon,20,40,100,The user whips up a vicious tornado to tear at the opposing Pokémon. This may also make them flinch.
"10,000,000 Volt Thunderbolt",electr,1,195,--,"The user, Pikachu wearing a cap, powers up a jolt of electricity using its Z-Power and unleashes it. Critical hits land more easily."
Bolt Strike,electr,5,130,85,The user surrounds itself with a great amount of electricity and charges its target. This may also leave the target with paralysis.
Catastropika,electr,1,210,--,"The user, Pikachu, surrounds itself with the maximum amount of electricity using its Z-Power and pounces on its target with full force."
Charge,electr,20,--,--,The user boosts the power of the Electric move it uses on the next turn. This also raises the user's Sp. Def stat.
Charge Beam,electr,10,50,90,The user attacks with an electric charge. The user may use any remaining electricity to raise its Sp. Atk stat.
Discharge,electr,15,80,100,The user strikes everything around it by letting loose a flare of electricity. This may also cause paralysis.
Eerie Impulse,electr,15,--,100,The user's body generates an eerie impulse. Exposing the target to it harshly lowers the target's Sp. Atk stat.
Electric Terrain,electr,10,--,--,"The user electrifies the ground for five turns, powering up Electric-type moves. Pokémon on the ground no longer fall asleep."
Electrify,electr,20,--,--,"If the target is electrified before it uses a move during that turn, the target's move becomes Electric type."
Electro Ball,electr,10,--,100,"The user hurls an electric orb at the target. The faster the user is than the target, the greater the move's power."
Electroweb,electr,15,55,95,The user attacks and captures opposing Pokémon using an electric net. This lowers their Speed stat.
Fusion Bolt,electr,5,100,100,The user throws down a giant lightning bolt. This move's power is increased when influenced by an enormous flame.
Gigavolt Havoc,electr,1,--,--,"The user hits the target with a powerful electric current collected by its Z-Power. The power varies, depending on the original move."
Gigavolt Havoc,electr,1,--,--,"The user hits the target with a powerful electric current collected by its Z-Power. The power varies, depending on the original move."
Ion Deluge,electr,25,--,--,"The user disperses electrically charged particles, which changes Normal-type moves to Electric-type moves."
Magnet Rise,electr,10,--,--,The user levitates using electrically generated magnetism for five turns.
Magnetic Flux,electr,20,--,--,"The user manipulates magnetic fields, which raises the Defense and Sp. Def stats of ally Pokémon with the Plus or Minus Ability."
Nuzzle,electr,20,20,100,The user attacks by nuzzling its electrified cheeks against the target. This also leaves the target with paralysis.
Parabolic Charge,electr,20,65,100,The user attacks everything around it. The user's HP is restored by half the damage taken by those hit.
Plasma Fists,electr,15,100,100,The user attacks with electrically charged fists. This move changes Normal-type moves to Electric-type moves.
Shock Wave,electr,20,60,--,The user strikes the target with a quick jolt of electricity. This attack never misses.
Spark,electr,20,65,100,The user throws an electrically charged tackle at the target. This may also leave the target with paralysis.
Stoked Sparksurfer,electr,1,175,--,"After obtaining Z-Power, the user, Alolan Raichu, attacks the target with full force. This move leaves the target with paralysis."
Thunder,electr,10,110,70,A wicked thunderbolt is dropped on the target to inflict damage. This may also leave the target with paralysis.
Thunder Fang,electr,15,65,95,The user bites with electrified fangs. This may also make the target flinch or leave it with paralysis.
Thunder Punch,electr,15,75,100,The target is punched with an electrified fist. This may also leave the target with paralysis.
Thunder Shock,electr,30,40,100,A jolt of electricity crashes down on the target to inflict damage. This may also leave the target with paralysis.
Thunder Wave,electr,20,--,90,The user launches a weak jolt of electricity that paralyzes the target.
Thunderbolt,electr,15,90,100,A strong electric blast crashes down on the target. This may also leave the target with paralysis.
Volt Switch,electr,20,70,100,"After making its attack, the user rushes back to switch places with a party Pokémon in waiting."
Volt Tackle,electr,15,120,100,The user electrifies itself and charges the target. This also damages the user quite a lot. This attack may leave the target with paralysis.
Wild Charge,electr,15,90,100,The user shrouds itself in electricity and smashes into its target. This also damages the user a little.
Zap Cannon,electr,5,120,50,The user fires an electric blast like a cannon to inflict damage and cause paralysis.
Zing Zap,electr,10,80,100,"A strong electric blast crashes down on the target, giving it an electric shock. This may also make the target flinch."
Aromatic Mist,fairy,20,--,--,The user raises the Sp. Def stat of an ally Pokémon by using a mysterious aroma.
Baby-Doll Eyes,fairy,30,--,100,"The user stares at the target with its baby-doll eyes, which lowers its Attack stat. This move always goes first."
Charm,fairy,20,--,100,"The user gazes at the target rather charmingly, making it less wary. This harshly lowers its Attack stat."
Crafty Shield,fairy,10,--,--,The user protects itself and its allies from status moves with a mysterious power. This does not stop moves that do damage.
Dazzling Gleam,fairy,10,80,100,The user damages opposing Pokémon by emitting a powerful flash.
Disarming Voice,fairy,15,40,--,"Letting out a charming cry, the user does emotional damage to opposing Pokémon. This attack never misses."
Draining Kiss,fairy,10,50,100,The user steals the target's HP with a kiss. The user's HP is restored by over half of the damage taken by the target.
Fairy Lock,fairy,10,--,--,"By locking down the battlefield, the user keeps all Pokémon from fleeing during the next turn."
Fairy Wind,fairy,30,40,100,The user stirs up a fairy wind and strikes the target with it.
Fleur Cannon,fairy,5,130,90,The user unleashes a strong beam. The attack's recoil harshly lowers the user's Sp. Atk stat.
Floral Healing,fairy,10,--,--,The user restores the target's HP by up to half of its max HP. It restores more HP when the terrain is grass.
Flower Shield,fairy,10,--,--,The user raises the Defense stat of all Grass-type Pokémon in battle with a mysterious power.
Geomancy,fairy,10,--,--,"The user absorbs energy and sharply raises its Sp. Atk, Sp. Def, and Speed stats on the next turn."
Guardian of Alola,fairy,1,--,--,"The user, the Land Spirit Pokémon, obtains Alola's energy using its Z-Power and attacks the target with full force. This reduces the target's HP greatly."
Let's Snuggle Forever,fairy,1,190,--,"After obtaining Z-Power, the user, Mimikyu, punches the target with full force."
Light of Ruin,fairy,5,140,90,"Drawing power from the Eternal Flower, the user fires a powerful beam of light. This also damages the user quite a lot."
Misty Terrain,fairy,10,--,--,This protects Pokémon on the ground from status conditions and halves damage from Dragon-type moves for five turns.
Moonblast,fairy,15,95,100,"Borrowing the power of the moon, the user attacks the target. This may also lower the target's Sp. Atk stat."
Moonlight,fairy,5,--,--,The user restores its own HP. The amount of HP regained varies with the weather.
Nature's Madness,fairy,10,--,90,The user hits the target with the force of nature. It halves the target's HP.
Play Rough,fairy,10,90,90,The user plays rough with the target and attacks it. This may also lower the target's Attack stat.
Sweet Kiss,fairy,10,--,75,"The user kisses the target with a sweet, angelic cuteness that causes confusion."
Twinkle Tackle,fairy,1,--,--,"The user creates a very charming space using its Z-Power and totally toys with the target. The power varies, depending on the original move."
All-Out Pummeling,fight,1,--,--,"The user rams an energy orb created by its Z-Power into the target with full force. The power varies, depending on the original move."
Arm Thrust,fight,20,15,100,The user lets loose a flurry of open-palmed arm thrusts that hit two to five times in a row.
Aura Sphere,fight,20,80,--,The user lets loose a blast of aura power from deep within its body at the target. This attack never misses.
Brick Break,fight,15,75,100,"The user attacks with a swift chop. It can also break barriers, such as Light Screen and Reflect."
Bulk Up,fight,20,--,--,"The user tenses its muscles to bulk up its body, raising both its Attack and Defense stats."
Circle Throw,fight,10,60,90,"The target is thrown, and a different Pokémon is dragged out. In the wild, this ends a battle against a single Pokémon."
Close Combat,fight,5,120,100,The user fights the target up close without guarding itself. This also lowers the user's Defense and Sp. Def stats.
Counter,fight,20,--,100,"A retaliation move that counters any physical attack, inflicting double the damage taken."
Cross Chop,fight,5,100,80,The user delivers a double chop with its forearms crossed. Critical hits land more easily.
Detect,fight,5,--,--,Enables the user to evade all attacks. Its chance of failing rises if it is used in succession.
Double Kick,fight,30,30,100,The target is quickly kicked twice in succession using both feet.
Drain Punch,fight,10,75,100,An energy-draining punch. The user's HP is restored by half the damage taken by the target.
Dynamic Punch,fight,5,100,50,"The user punches the target with full, concentrated power. This confuses the target if it hits."
Final Gambit,fight,5,--,100,The user risks everything to attack its target. The user faints but does damage equal to its HP.
Flying Press,fight,10,100,95,The user dives down onto the target from the sky. This move is Fighting and Flying type simultaneously.
Focus Blast,fight,5,120,70,The user heightens its mental focus and unleashes its power. This may also lower the target's Sp. Def stat.
Focus Punch,fight,20,150,100,The user focuses its mind before launching a punch. This move fails if the user is hit before it is used.
Force Palm,fight,10,60,100,The target is attacked with a shock wave. This may also leave the target with paralysis.
Hammer Arm,fight,10,100,90,"The user swings and hits with its strong, heavy fist. It lowers the user's Speed, however."
High Jump Kick,fight,10,130,90,"The target is attacked with a knee kick from a jump. If it misses, the user is hurt instead."
Jump Kick,fight,10,100,95,"The user jumps up high, then strikes with a kick. If the kick misses, the user hurts itself."
Karate Chop,fight,25,50,100,The target is attacked with a sharp chop. Critical hits land more easily.
Low Kick,fight,20,--,100,"A powerful low kick that makes the target fall over. The heavier the target, the greater the move's power."
Low Sweep,fight,20,65,100,"The user makes a swift attack on the target's legs, which lowers the target's Speed stat."
Mach Punch,fight,30,40,100,The user throws a punch at blinding speed. This move always goes first.
Mat Block,fight,10,--,--,"Using a pulled-up mat as a shield, the user protects itself and its allies from damaging moves. This does not stop status moves."
Power-Up Punch,fight,20,40,100,Striking opponents over and over makes the user's fists harder. Hitting a target raises the Attack stat.
Quick Guard,fight,15,--,--,The user protects itself and its allies from priority moves.
Revenge,fight,10,60,100,This attack move's power is doubled if the user has been hurt by the opponent in the same turn.
Reversal,fight,15,--,100,An all-out attack that becomes more powerful the less HP the user has.
Rock Smash,fight,15,40,100,The user attacks with a punch. This may also lower the target's Defense stat.
Rolling Kick,fight,15,60,85,"The user lashes out with a quick, spinning kick. This may also make the target flinch."
Sacred Sword,fight,15,90,100,The user attacks by slicing with a long horn. The target's stat changes don't affect this attack's damage.
Secret Sword,fight,10,85,100,The user cuts with its long horn. The odd power contained in the horn does physical damage to the target.
Seismic Toss,fight,20,--,100,The target is thrown using the power of gravity. It inflicts damage equal to the user's level.
Sky Uppercut,fight,15,85,90,The user attacks the target with an uppercut thrown skyward with force.
Storm Throw,fight,10,60,100,The user strikes the target with a fierce blow. This attack always results in a critical hit.
Submission,fight,20,80,80,The user grabs the target and recklessly dives for the ground. This also damages the user a little.
Superpower,fight,5,120,100,"The user attacks the target with great power. However, this also lowers the user's Attack and Defense stats."
Triple Kick,fight,10,10,90,A consecutive three-kick attack that becomes more powerful with each successive hit.
Vacuum Wave,fight,30,40,100,The user whirls its fists to send a wave of pure vacuum at the target. This move always goes first.
Vital Throw,fight,10,70,--,"The user attacks last. In return, this throw move never misses."
Wake-Up Slap,fight,10,70,100,"This attack inflicts big damage on a sleeping target. This also wakes the target up, however."
Blast Burn,fire,5,150,90,The target is razed by a fiery explosion. The user can't move on the next turn.
Blaze Kick,fire,10,85,90,The user launches a kick that lands a critical hit more easily. This may also leave the target with a burn.
Blue Flare,fire,5,130,85,"The user attacks by engulfing the target in an intense, yet beautiful, blue flame. This may also leave the target with a burn."
Burn Up,fire,5,130,100,"To inflict massive damage, the user burns itself out. After using this move, the user will no longer be Fire type."
Ember,fire,25,40,100,The target is attacked with small flames. This may also leave the target with a burn.
Eruption,fire,5,150,100,"The user attacks opposing Pokémon with explosive fury. The lower the user's HP, the lower the move's power."
Fiery Dance,fire,10,80,100,"Cloaked in flames, the user dances and flaps its wings. This may also raise the user's Sp. Atk stat."
Fire Blast,fire,5,110,85,The target is attacked with an intense blast of all-consuming fire. This may also leave the target with a burn.
Fire Fang,fire,15,65,95,The user bites with flame-cloaked fangs. This may also make the target flinch or leave it with a burn.
Fire Lash,fire,15,80,100,The user strikes the target with a burning lash. This also lowers the target's Defense stat.
Fire Pledge,fire,10,80,100,"A column of fire hits the target. When used with its grass equivalent, its power increases and a vast sea of fire appears."
Fire Punch,fire,15,75,100,The target is punched with a fiery fist. This may also leave the target with a burn.
Fire Spin,fire,15,35,85,The target becomes trapped within a fierce vortex of fire that rages for four to five turns.
Flame Burst,fire,15,70,100,The user attacks the target with a bursting flame. The bursting flame damages Pokémon next to the target as well.
Flame Charge,fire,20,50,100,"Cloaking itself in flame, the user attacks. Then, building up more power, the user raises its Speed stat."
Flame Wheel,fire,25,60,100,The user cloaks itself in fire and charges at the target. This may also leave the target with a burn.
Flamethrower,fire,15,90,100,The target is scorched with an intense blast of fire. This may also leave the target with a burn.
Flare Blitz,fire,15,120,100,The user cloaks itself in fire and charges the target. This also damages the user quite a lot. This attack may leave the target with a burn.
Fusion Flare,fire,5,100,100,The user brings down a giant flame. This move's power is increased when influenced by an enormous lightning bolt.
Heat Crash,fire,10,--,100,"The user slams its target with its flame-covered body. The more the user outweighs the target, the greater the move's power."
Heat Wave,fire,10,95,90,The user attacks by exhaling hot breath on the opposing Pokémon. This may also leave those Pokémon with a burn.
Incinerate,fire,15,60,100,"The user attacks opposing Pokémon with fire. If a Pokémon is holding a certain item, such as a Berry, the item becomes burned up and unusable."
Inferno,fire,5,100,50,The user attacks by engulfing the target in an intense fire. This leaves the target with a burn.
Inferno Overdrive,fire,1,--,--,The user breathes a stream of intense fire toward the target with the full force of its Z-Power. The power varies depending on the original move.
Inferno Overdrive,fire,1,--,--,The user breathes a stream of intense fire toward the target with the full force of its Z-Power. The power varies depending on the original move.
Lava Plume,fire,15,80,100,The user torches everything around it in an inferno of scarlet flames. This may also leave those it hits with a burn.
Magma Storm,fire,5,100,75,The target becomes trapped within a maelstrom of fire that rages for four to five turns.
Mind Blown,fire,5,150,100,The user attacks everything around it by causing its own head to explode. This also damages the user.
Mystical Fire,fire,10,75,100,"The user attacks by breathing a special, hot fire. This also lowers the target's Sp. Atk stat."
Overheat,fire,5,130,90,The user attacks the target at full power. The attack's recoil harshly lowers the user's Sp. Atk stat.
Sacred Fire,fire,5,100,95,The target is razed with a mystical fire of great intensity. This may also leave the target with a burn.
Searing Shot,fire,5,100,100,The user torches everything around it in an inferno of scarlet flames. This may also leave those it hits with a burn.
Shell Trap,fire,5,150,100,"The user sets a shell trap. If the user is hit by a physical move, the trap will explode and inflict damage on the opposing Pokémon."
Sunny Day,fire,5,--,--,"The user intensifies the sun for five turns, powering up Fire-type moves. It lowers the power of Water-type moves."
V-create,fire,5,180,95,"With a hot flame on its forehead, the user hurls itself at its target. This lowers the user's Defense, Sp. Def, and Speed stats."
Will-O-Wisp,fire,15,--,85,"The user shoots a sinister, bluish-white flame at the target to inflict a burn."
Astonish,ghost,15,30,100,The user attacks the target while shouting in a startling fashion. This may also make the target flinch.
Confuse Ray,ghost,10,--,100,The target is exposed to a sinister ray that triggers confusion.
Curse,ghost,10,--,--,A move that works differently for the Ghost type than for all other types.
Destiny Bond,ghost,5,--,--,"After using this move, if the user faints, the Pokémon that landed the knockout hit also faints. Its chance of failing rises if it is used in succession."
Grudge,ghost,5,--,--,"If the user faints, the user's grudge fully depletes the PP of the opponent's move that knocked it out."
Hex,ghost,10,65,100,This relentless attack does massive damage to a target affected by status conditions.
Lick,ghost,30,30,100,"The target is licked with a long tongue, causing damage. This may also leave the target with paralysis."
Menacing Moonraze Maelstrom,ghost,1,200,--,"After obtaining Z-Power, the user, Lunala, attacks the target with full force. This move can ignore the effect of the target's Ability."
Moongeist Beam,ghost,5,100,100,The user emits a sinister ray to attack the target. This move can be used on the target regardless of its Abilities.
Never-Ending Nightmare,ghost,1,--,--,"Deep-seated grudges summoned by the user's Z-Power trap the target. The power varies, depending on the original move."
Never-Ending Nightmare,ghost,1,--,--,"Deep-seated grudges summoned by the user's Z-Power trap the target. The power varies, depending on the original move."
Night Shade,ghost,15,--,100,The user makes the target see a frightening mirage. It inflicts damage equal to the user's level.
Nightmare,ghost,15,--,100,A sleeping target sees a nightmare that inflicts some damage every turn.
Ominous Wind,ghost,5,60,100,The user blasts the target with a gust of repulsive wind. This may also raise all the user's stats at once.
Phantom Force,ghost,10,90,100,"The user vanishes somewhere, then strikes the target on the next turn. This move hits even if the target protects itself."
Shadow Ball,ghost,15,80,100,The user hurls a shadowy blob at the target. This may also lower the target's Sp. Def stat.
Shadow Bone,ghost,10,85,100,The user attacks by beating the target with a bone that contains a spirit. This may also lower the target's Defense stat.
Shadow Claw,ghost,15,70,100,The user slashes with a sharp claw made from shadows. Critical hits land more easily.
Shadow Force,ghost,5,120,100,"The user disappears, then strikes the target on the next turn. This move hits even if the target protects itself."
Shadow Punch,ghost,20,60,--,The user throws a punch from the shadows. This attack never misses.
Shadow Sneak,ghost,30,40,100,The user extends its shadow and attacks the target from behind. This move always goes first.
Sinister Arrow Raid,ghost,1,180,--,"The user, Decidueye, creates countless arrows using its Z-Power and shoots the target with full force."
Soul-Stealing 7-Star Strike,ghost,1,195,--,"After obtaining Z-Power, the user, Marshadow, punches and kicks the target consecutively with full force."
Spectral Thief,ghost,10,90,100,"The user hides in the target's shadow, steals the target's stat boosts, and then attacks."
Spirit Shackle,ghost,10,80,100,The user attacks while simultaneously stitching the target's shadow to the ground to prevent the target from escaping.
Spite,ghost,10,--,100,The user unleashes its grudge on the move last used by the target by cutting 4 PP from it.
Trick-or-Treat,ghost,20,--,100,The user takes the target trick-or-treating. This adds Ghost type to the target's type.
Absorb,grass,25,20,100,A nutrient-draining attack. The user's HP is restored by half the damage taken by the target.
Aromatherapy,grass,5,--,--,The user releases a soothing scent that heals all status conditions affecting the user's party.
Bloom Doom,grass,1,--,--,"The user collects energy from plants using its Z-Power and attacks the target with full force. The power varies, depending on the original move."
Bloom Doom,grass,1,--,--,"The user collects energy from plants using its Z-Power and attacks the target with full force. The power varies, depending on the original move."
Bullet Seed,grass,30,25,100,The user forcefully shoots seeds at the target two to five times in a row.
Cotton Guard,grass,10,--,--,"The user protects itself by wrapping its body in soft cotton, which drastically raises the user's Defense stat."
Cotton Spore,grass,40,--,100,"The user releases cotton-like spores that cling to the opposing Pokémon, which harshly lowers their Speed stat."
Energy Ball,grass,10,90,100,The user draws power from nature and fires it at the target. This may also lower the target's Sp. Def stat.
Forest's Curse,grass,20,--,100,The user puts a forest curse on the target. The target is now Grass type as well.
Frenzy Plant,grass,5,150,90,The user slams the target with an enormous tree. The user can't move on the next turn.
Giga Drain,grass,10,75,100,A nutrient-draining attack. The user's HP is restored by half the damage taken by the target.
Grass Knot,grass,20,--,100,"The user snares the target with grass and trips it. The heavier the target, the greater the move's power."
Grass Pledge,grass,10,80,100,"A column of grass hits the target. When used with its water equivalent, its power increases and a vast swamp appears."
Grass Whistle,grass,15,--,55,The user plays a pleasant melody that lulls the target into a deep sleep.
Grassy Terrain,grass,10,--,--,The user turns the ground to grass for five turns. This restores the HP of Pokémon on the ground a little every turn and powers up Grass type-moves.
Horn Leech,grass,10,75,100,The user drains the target's energy with its horns. The user's HP is restored by half the damage taken by the target.
Ingrain,grass,20,--,--,"The user lays roots that restore its HP on every turn. Because it's rooted, it can't switch out."
Leaf Blade,grass,15,90,100,The user handles a sharp leaf like a sword and attacks by cutting its target. Critical hits land more easily.
Leaf Storm,grass,5,130,90,The user whips up a storm of leaves around the target. The attack's recoil harshly lowers the user's Sp. Atk stat.
Leaf Tornado,grass,10,65,90,The user attacks its target by encircling it in sharp leaves. This attack may also lower the target's accuracy.
Leafage,grass,40,40,100,The user attacks by pelting the target with leaves.
Leech Seed,grass,10,--,90,A seed is planted on the target. It steals some HP from the target every turn.
Magical Leaf,grass,20,60,--,The user scatters curious leaves that chase the target. This attack never misses.
Mega Drain,grass,15,40,100,A nutrient-draining attack. The user's HP is restored by half the damage taken by the target.
Needle Arm,grass,15,60,100,The user attacks by wildly swinging its thorny arms. This may also make the target flinch.
Petal Blizzard,grass,15,90,100,The user stirs up a violent petal blizzard and attacks everything around it.
Petal Dance,grass,10,120,100,The user attacks the target by scattering petals for two to three turns. The user then becomes confused.
Power Whip,grass,10,120,85,"The user violently whirls its vines, tentacles, or the like to harshly lash the target."
Razor Leaf,grass,25,55,95,Sharp-edged leaves are launched to slash at the opposing Pokémon. Critical hits land more easily.
Seed Bomb,grass,15,80,100,The user slams a barrage of hard-shelled seeds down on the target from above.
Seed Flare,grass,5,120,85,The user emits a shock wave from its body to attack its target. This may also harshly lower the target's Sp. Def stat.
Sleep Powder,grass,15,--,75,The user scatters a big cloud of sleep-inducing dust around the target.
Solar Beam,grass,10,120,100,"In this two-turn attack, the user gathers light, then blasts a bundled beam on the next turn."
Solar Blade,grass,10,125,100,"In this two-turn attack, the user gathers light and fills a blade with the light's energy, attacking the target on the next turn."
Spiky Shield,grass,10,--,--,"In addition to protecting the user from attacks, this move also damages any attacker who makes direct contact."
Spore,grass,15,--,100,The user scatters bursts of spores that induce sleep.
Strength Sap,grass,10,--,100,The user restores its HP by the same amount as the target's Attack stat. It also lowers the target's Attack stat.
Stun Spore,grass,30,--,75,The user scatters a cloud of numbing powder that paralyzes the target.
Synthesis,grass,5,--,--,The user restores its own HP. The amount of HP regained varies with the weather.
Trop Kick,grass,15,70,100,The user lands an intense kick of tropical origins on the target. This also lowers the target's Attack stat.
Vine Whip,grass,25,45,100,"The target is struck with slender, whiplike vines to inflict damage."
Wood Hammer,grass,15,120,100,The user slams its rugged body into the target to attack. This also damages the user quite a lot.
Worry Seed,grass,10,--,100,A seed that causes worry is planted on the target. It prevents sleep by making the target's Ability Insomnia.
Bone Club,ground,20,65,85,The user clubs the target with a bone. This may also make the target flinch.
Bone Rush,ground,10,25,90,The user strikes the target with a hard bone two to five times in a row.
Bonemerang,ground,10,50,90,The user throws the bone it holds. The bone loops around to hit the target twiceâ€”coming and going.
Bulldoze,ground,20,60,100,The user strikes everything around it by stomping down on the ground. This lowers the Speed stat of those hit.
Dig,ground,10,80,100,"The user burrows, then attacks on the next turn."
Drill Run,ground,10,80,95,The user crashes into its target while rotating its body like a drill. Critical hits land more easily.
Earth Power,ground,10,90,100,The user makes the ground under the target erupt with power. This may also lower the target's Sp. Def stat.
Earthquake,ground,10,100,100,The user sets off an earthquake that strikes every Pokémon around it.
Fissure,ground,5,--,30,The user opens up a fissure in the ground and drops the target in. The target faints instantly if this attack hits.
High Horsepower,ground,10,95,95,The user fiercely attacks the target using its entire body.
Land's Wrath,ground,10,90,100,The user gathers the energy of the land and focuses that power on opposing Pokémon to damage them.
Magnitude,ground,30,--,100,The user attacks everything around it with a ground-shaking quake. Its power varies.
Mud Bomb,ground,10,65,85,The user launches a hard-packed mud ball to attack. This may also lower the target's accuracy.
Mud Shot,ground,15,55,95,The user attacks by hurling a blob of mud at the target. This also lowers the target's Speed stat.
Mud Sport,ground,15,--,--,The user kicks up mud on the battlefield. This weakens Electric-type moves for five turns.
Mud-Slap,ground,10,20,100,The user hurls mud in the target's face to inflict damage and lower its accuracy.
Precipice Blades,ground,10,120,85,The user attacks opposing Pokémon by manifesting the power of the land in fearsome blades of stone.
Rototiller,ground,10,--,--,"Tilling the soil, the user makes it easier for plants to grow. This raises the Attack and Sp. Atk stats of Grass-type Pokémon."
Sand Attack,ground,15,--,100,"Sand is hurled in the target's face, reducing the target's accuracy."
Sand Tomb,ground,15,35,85,The user traps the target inside a harshly raging sandstorm for four to five turns.
Shore Up,ground,10,--,--,The user regains up to half of its max HP. It restores more HP in a sandstorm.
Spikes,ground,20,--,--,The user lays a trap of spikes at the opposing team's feet. The trap hurts Pokémon that switch into battle.
Stomping Tantrum,ground,10,75,100,"Driven by frustration, the user attacks the target. If the user's previous move has failed, the power of this move doubles."
Tectonic Rage,ground,1,--,--,"The user burrows deep into the ground and slams into the target with the full force of its Z-Power. The power varies, depending on the original move."
Tectonic Rage,ground,1,--,--,"The user burrows deep into the ground and slams into the target with the full force of its Z-Power. The power varies, depending on the original move."
Thousand Arrows,ground,10,90,100,This move also hits opposing Pokémon that are in the air. Those Pokémon are knocked down to the ground.
Thousand Waves,ground,10,90,100,The user attacks with a wave that crawls along the ground. Those hit can't flee from battle.
Aurora Beam,ice,20,65,100,The target is hit with a rainbow-colored beam. This may also lower the target's Attack stat.
Aurora Veil,ice,20,--,--,This move reduces damage from physical and special moves for five turns. This can be used only in a hailstorm.
Avalanche,ice,10,60,100,The power of this attack move is doubled if the user has been hurt by the target in the same turn.
Blizzard,ice,5,110,70,A howling blizzard is summoned to strike opposing Pokémon. This may also leave the opposing Pokémon frozen.
Freeze Shock,ice,5,140,90,"On the second turn, the user hits the target with electrically charged ice. This may also leave the target with paralysis."
Freeze-Dry,ice,20,70,100,The user rapidly cools the target. This may also leave the target frozen. This move is super effective on Water types.
Frost Breath,ice,10,60,90,The user blows its cold breath on the target. This attack always results in a critical hit.
Glaciate,ice,10,65,95,The user attacks by blowing freezing cold air at opposing Pokémon. This lowers their Speed stat.
Hail,ice,10,--,--,The user summons a hailstorm lasting five turns. It damages all Pokémon except the Ice type.
Haze,ice,30,--,--,The user creates a haze that eliminates every stat change among all the Pokémon engaged in battle.
Ice Ball,ice,20,30,90,The user attacks the target for five turns. The move's power increases each time it hits.
Ice Beam,ice,10,90,100,The target is struck with an icy-cold beam of energy. This may also leave the target frozen.
Ice Burn,ice,5,140,90,"On the second turn, an ultracold, freezing wind surrounds the target. This may leave the target with a burn."
Ice Fang,ice,15,65,95,The user bites with cold-infused fangs. This may also make the target flinch or leave it frozen.
Ice Hammer,ice,10,100,90,"The user swings and hits with its strong, heavy fist. It lowers the user's Speed, however."
Ice Punch,ice,15,75,100,The target is punched with an icy fist. This may also leave the target frozen.
Ice Shard,ice,30,40,100,The user flash-freezes chunks of ice and hurls them at the target. This move always goes first.
Icicle Crash,ice,10,85,90,The user attacks by harshly dropping large icicles onto the target. This may also make the target flinch.
Icicle Spear,ice,30,25,100,The user launches sharp icicles at the target two to five times in a row.
Icy Wind,ice,15,55,95,The user attacks with a gust of chilled air. This also lowers the opposing Pokémon's Speed stats.
Mist,ice,30,--,--,The user cloaks itself and its allies in a white mist that prevents any of their stats from being lowered for five turns.
Powder Snow,ice,25,40,100,The user attacks with a chilling gust of powdery snow. This may also freeze the opposing Pokémon.
Sheer Cold,ice,5,--,30,The target faints instantly. It's less likely to hit the target if it's used by Pokémon other than Ice types.
Subzero Slammer,ice,1,--,--,"The user dramatically drops the temperature using its Z-Power and freezes the target with full force. The power varies, depending on the original move."
Acupressure,normal,30,--,--,"The user applies pressure to stress points, sharply boosting one of its or its allies' stats."
After You,normal,15,--,--,The user helps the target and makes it use its move right after the user.
Assist,normal,20,--,--,The user hurriedly and randomly uses a move among those known by ally Pokémon.
Attract,normal,15,--,100,"If it is the opposite gender of the user, the target becomes infatuated and less likely to attack."
Barrage,normal,20,15,85,Round objects are hurled at the target to strike two to five times in a row.
Baton Pass,normal,40,--,--,The user switches places with a party Pokémon in waiting and passes along any stat changes.
Belly Drum,normal,10,--,--,The user maximizes its Attack stat in exchange for HP equal to half its max HP.
Bestow,normal,15,--,--,The user passes its held item to the target when the target isn't holding an item.
Bide,normal,10,--,--,"The user endures attacks for two turns, then strikes back to cause double the damage taken."
Bind,normal,20,15,85,Things such as long bodies or tentacles are used to bind and squeeze the target for four to five turns.
Block,normal,5,--,--,The user blocks the target's way with arms spread wide to prevent escape.
Body Slam,normal,15,85,100,The user drops onto the target with its full body weight. This may also leave the target with paralysis.
Boomburst,normal,10,140,100,"The user attacks everything around it with the destructive power of a terrible, explosive sound."
Breakneck Blitz,normal,1,--,--,"The user builds up its momentum using its Z-Power and crashes into the target at full speed. The power varies, depending on the original move."
Breakneck Blitz,normal,1,--,--,"The user builds up its momentum using its Z-Power and crashes into the target at full speed. The power varies, depending on the original move."
Camouflage,normal,20,--,--,"The user's type is changed depending on its environment, such as at water's edge, in grass, or in a cave."
Captivate,normal,20,--,100,"If any opposing Pokémon is the opposite gender of the user, it is charmed, which harshly lowers its Sp. Atk stat."
Celebrate,normal,40,--,--,The Pokémon congratulates you on your special day!
Chip Away,normal,20,70,100,"Looking for an opening, the user strikes consistently. The target's stat changes don't affect this attack's damage."
Comet Punch,normal,15,18,85,The target is hit with a flurry of punches that strike two to five times in a row.
Confide,normal,20,--,--,"The user tells the target a secret, and the target loses its ability to concentrate. This lowers the target's Sp. Atk stat."
Constrict,normal,35,10,100,"The target is attacked with long, creeping tentacles, vines, or the like. This may also lower the target's Speed stat."
Conversion,normal,30,--,--,The user changes its type to become the same type as the move at the top of the list of moves it knows.
Conversion 2,normal,30,--,--,The user changes its type to make itself resistant to the type of the attack the opponent used last.
Copycat,normal,20,--,--,The user mimics the move used immediately before it. The move fails if no other move has been used yet.
Covet,normal,25,60,100,"The user endearingly approaches the target, then steals the target's held item."
Crush Claw,normal,10,75,95,The user slashes the target with hard and sharp claws. This may also lower the target's Defense stat.
Crush Grip,normal,5,--,100,"The target is crushed with great force. The more HP the target has left, the greater this move's power."
Cut,normal,30,50,95,The target is cut with a scythe or claw.
Defense Curl,normal,40,--,--,The user curls up to conceal weak spots and raise its Defense stat.
Disable,normal,20,--,100,"For four turns, this move prevents the target from using the move it last used."
Dizzy Punch,normal,10,70,100,The target is hit with rhythmically launched punches. This may also leave the target confused.
Double Hit,normal,10,35,90,"The user slams the target with a long tail, vines, or a tentacle. The target is hit twice in a row."
Double Slap,normal,10,15,85,"The target is slapped repeatedly, back and forth, two to five times in a row."
Double Team,normal,15,--,--,"By moving rapidly, the user makes illusory copies of itself to raise its evasiveness."
Double-Edge,normal,15,120,100,"A reckless, life-risking tackle. This also damages the user quite a lot."
Echoed Voice,normal,15,40,100,"The user attacks the target with an echoing voice. If this move is used every turn, its power is increased."
Egg Bomb,normal,10,100,75,A large egg is hurled at the target with maximum force to inflict damage.
Encore,normal,5,--,100,The user compels the target to keep using the move it encored for three turns.
Endeavor,normal,5,--,100,This attack move cuts down the target's HP to equal the user's HP.
Endure,normal,10,--,--,The user endures any attack with at least 1 HP. Its chance of failing rises if it is used in succession.
Entrainment,normal,15,--,100,"The user dances with an odd rhythm that compels the target to mimic it, making the target's Ability the same as the user's."
Explosion,normal,5,250,100,The user attacks everything around it by causing a tremendous explosion. The user faints upon using this move.
Extreme Evoboost,normal,1,--,--,"After obtaining Z-Power, the user, Eevee, gets energy from its evolved friends and boosts its stats sharply."
Extreme Speed,normal,5,80,100,The user charges the target at blinding speed. This move always goes first.
Facade,normal,20,70,100,"This attack move doubles its power if the user is poisoned, burned, or paralyzed."
Fake Out,normal,10,40,100,This attack hits first and makes the target flinch. It only works the first turn the user is in battle.
False Swipe,normal,40,40,100,A restrained attack that prevents the target from fainting. The target is left with at least 1 HP.
Feint,normal,10,30,100,This attack hits a target using a move such as Protect or Detect. This also lifts the effects of those moves.
Flail,normal,15,--,100,"The user flails about aimlessly to attack. The less HP the user has, the greater the move's power."
Flash,normal,20,--,100,The user flashes a bright light that cuts the target's accuracy.
Focus Energy,normal,30,--,--,The user takes a deep breath and focuses so that critical hits land more easily.
Follow Me,normal,20,--,--,"The user draws attention to itself, making all targets take aim only at the user."
Foresight,normal,40,--,--,Enables a Ghost-type target to be hit by Normal- and Fighting-type attacks. This also enables an evasive target to be hit.
Frustration,normal,20,--,100,This full-power attack grows more powerful the less the user likes its Trainer.
Fury Attack,normal,20,15,85,The target is jabbed repeatedly with a horn or beak two to five times in a row.
Fury Swipes,normal,15,18,80,The target is raked with sharp claws or scythes quickly two to five times in a row.
Giga Impact,normal,5,150,90,The user charges at the target using every bit of its power. The user can't move on the next turn.
Glare,normal,30,--,100,The user intimidates the target with the pattern on its belly to cause paralysis.
Growl,normal,40,--,100,"The user growls in an endearing way, making opposing Pokémon less wary. This lowers their Attack stat."
Growth,normal,20,--,--,"The user's body grows all at once, raising the Attack and Sp. Atk stats."
Guillotine,normal,5,--,30,"A vicious, tearing attack with big pincers. The target faints instantly if this attack hits."
Happy Hour,normal,30,--,--,Using Happy Hour doubles the amount of prize money received after battle.
Harden,normal,30,--,--,The user stiffens all the muscles in its body to raise its Defense stat.
Head Charge,normal,15,120,100,"The user charges its head into its target, using its powerful guard hair. This also damages the user a little."
Headbutt,normal,15,70,100,The user sticks out its head and attacks by charging straight into the target. This may also make the target flinch.
Heal Bell,normal,5,--,--,The user makes a soothing bell chime to heal the status conditions of all the party Pokémon.
Helping Hand,normal,20,--,--,The user assists an ally by boosting the power of that ally's attack.
Hidden Power,normal,15,60,100,A unique attack that varies in type depending on the Pokémon using it.
Hold Back,normal,40,40,100,"The user holds back when it attacks, and the target is left with at least 1 HP."
Hold Hands,normal,40,--,--,The user and an ally hold hands. This makes them very happy.
Horn Attack,normal,25,65,100,The target is jabbed with a sharply pointed horn to inflict damage.
Horn Drill,normal,5,--,30,The user stabs the target with a horn that rotates like a drill. The target faints instantly if this attack hits.
Howl,normal,40,--,--,"The user howls loudly to raise its spirit, which raises its Attack stat."
Hyper Beam,normal,5,150,90,The target is attacked with a powerful beam. The user can't move on the next turn.
Hyper Fang,normal,15,80,90,The user bites hard on the target with its sharp front fangs. This may also make the target flinch.
Hyper Voice,normal,10,90,100,The user lets loose a horribly echoing shout with the power to inflict damage.
Judgment,normal,10,100,100,The user releases countless shots of light at the target. This move's type varies depending on the kind of Plate the user is holding.
Laser Focus,normal,30,--,--,The user concentrates intensely. The attack on the next turn always results in a critical hit.
Last Resort,normal,5,140,100,This move can be used only after the user has used all the other moves it knows in the battle.
Leer,normal,30,--,100,The user gives opposing Pokémon an intimidating leer that lowers the Defense stat.
Lock-On,normal,5,--,--,The user takes sure aim at the target. This ensures the next attack does not miss the target.
Lovely Kiss,normal,10,--,75,"With a scary face, the user tries to force a kiss on the target. If it succeeds, the target falls asleep."
Lucky Chant,normal,30,--,--,"The user chants an incantation toward the sky, preventing opposing Pokémon from landing critical hits for five turns."
Me First,normal,20,--,--,The user cuts ahead of the target to copy and use the target's intended move with greater power. This move fails if it isn't used first.
Mean Look,normal,5,--,--,"The user pins the target with a dark, arresting look. The target becomes unable to flee."
Mega Kick,normal,5,120,75,The target is attacked by a kick launched with muscle-packed power.
Mega Punch,normal,20,80,85,The target is slugged by a punch thrown with muscle-packed power.
Metronome,normal,10,--,--,The user waggles a finger and stimulates its brain into randomly using nearly any move.
Milk Drink,normal,10,--,--,The user restores its own HP by up to half of its max HP.
Mimic,normal,10,--,--,The user copies the target's last move. The move can be used during battle until the Pokémon is switched out.
Mind Reader,normal,5,--,--,The user senses the target's movements with its mind to ensure its next attack does not miss the target.
Minimize,normal,10,--,--,"The user compresses its body to make itself look smaller, which sharply raises its evasiveness."
Morning Sun,normal,5,--,--,The user restores its own HP. The amount of HP regained varies with the weather.
Multi-Attack,normal,10,90,100,"Cloaking itself in high energy, the user slams into the target. The memory held determines the move's type."
Natural Gift,normal,15,--,100,The user draws power to attack by using its held Berry. The Berry determines the move's type and power.
Nature Power,normal,20,--,--,This attack makes use of nature's power. Its effects vary depending on the user's environment.
Noble Roar,normal,30,--,100,"Letting out a noble roar, the user intimidates the target and lowers its Attack and Sp. Atk stats."
Odor Sleuth,normal,40,--,--,Enables a Ghost-type target to be hit by Normal- and Fighting-type attacks. This also enables an evasive target to be hit.
Pain Split,normal,20,--,--,"The user adds its HP to the target's HP, then equally shares the combined HP with the target."
Pay Day,normal,20,40,100,Numerous coins are hurled at the target to inflict damage. Money is earned after the battle.
Perish Song,normal,5,--,--,"Any Pokémon that hears this song faints in three turns, unless it switches out of battle."
Play Nice,normal,20,--,--,"The user and the target become friends, and the target loses its will to fight. This lowers the target's Attack stat."
Pound,normal,35,40,100,"The target is physically pounded with a long tail, a foreleg, or the like."
Present,normal,15,--,90,"The user attacks by giving the target a gift with a hidden trap. It restores HP sometimes, however."
Protect,normal,10,--,--,Enables the user to evade all attacks. Its chance of failing rises if it is used in succession.
Psych Up,normal,10,--,--,The user hypnotizes itself into copying any stat change made by the target.
Pulverizing Pancake,normal,1,210,--,"Z-Power brings out the true capabilities of the user, Snorlax. The Pokémon moves its enormous body energetically and attacks the target with full force."
Quick Attack,normal,30,40,100,The user lunges at the target at a speed that makes it almost invisible. This move always goes first.
Rage,normal,20,20,100,"As long as this move is in use, the power of rage raises the Attack stat each time the user is hit in battle."
Rapid Spin,normal,40,20,100,"A spin attack that can also eliminate such moves as Bind, Wrap, Leech Seed, and Spikes."
Razor Wind,normal,10,80,100,"In this two-turn attack, blades of wind hit opposing Pokémon on the second turn. Critical hits land more easily."
Recover,normal,10,--,--,"Restoring its own cells, the user restores its own HP by half of its max HP."
Recycle,normal,10,--,--,The user recycles a held item that has been used in battle so it can be used again.
Reflect Type,normal,15,--,--,"The user reflects the target's type, making it the same type as the target."
Refresh,normal,20,--,--,"The user rests to cure itself of poisoning, a burn, or paralysis."
Relic Song,normal,10,75,100,The user sings an ancient song and attacks by appealing to the hearts of the listening opposing Pokémon. This may also induce sleep.
Retaliate,normal,5,70,100,"The user gets revenge for a fainted ally. If an ally fainted in the previous turn, this move's power is increased."
Return,normal,20,--,100,This full-power attack grows more powerful the more the user likes its Trainer.
Revelation Dance,normal,15,90,100,The user attacks the target by dancing very hard. The user's type determines the type of this move.
Roar,normal,20,--,--,"The target is scared off, and a different Pokémon is dragged out. In the wild, this ends a battle against a single Pokémon."
Rock Climb,normal,20,90,85,The user attacks the target by smashing into it with incredible force. This may also confuse the target.
Round,normal,15,60,100,The user attacks the target with a song. Others can join in the Round to increase the power of the attack.
Safeguard,normal,25,--,--,The user creates a protective field that prevents status conditions for five turns.
Scary Face,normal,10,--,100,The user frightens the target with a scary face to harshly lower its Speed stat.
Scratch,normal,35,40,100,"Hard, pointed, sharp claws rake the target to inflict damage."
Screech,normal,40,--,85,An earsplitting screech harshly lowers the target's Defense stat.
Secret Power,normal,20,70,100,The additional effects of this attack depend upon where it was used.
Self-Destruct,normal,5,200,100,The user attacks everything around it by causing an explosion. The user faints upon using this move.
Sharpen,normal,30,--,--,"The user makes its edges more jagged, which raises its Attack stat."
Shell Smash,normal,15,--,--,"The user breaks its shell, which lowers Defense and Sp. Def stats but sharply raises its Attack, Sp. Atk, and Speed stats."
Simple Beam,normal,15,--,100,The user's mysterious psychic wave changes the target's Ability to Simple.
Sing,normal,15,--,55,A soothing lullaby is sung in a calming voice that puts the target into a deep slumber.
Sketch,normal,1,--,--,"It enables the user to permanently learn the move last used by the target. Once used, Sketch disappears."
Skull Bash,normal,10,130,100,"The user tucks in its head to raise its Defense stat on the first turn, then rams the target on the next turn."
Slack Off,normal,10,--,--,"The user slacks off, restoring its own HP by up to half of its max HP."
Slam,normal,20,80,75,"The target is slammed with a long tail, vines, or the like to inflict damage."
Slash,normal,20,70,100,The target is attacked with a slash of claws or blades. Critical hits land more easily.
Sleep Talk,normal,10,--,--,"While it is asleep, the user randomly uses one of the moves it knows."
Smelling Salts,normal,10,70,100,"This attack's power is doubled when used on a target with paralysis. This also cures the target's paralysis, however."
Smokescreen,normal,20,--,100,The user releases an obscuring cloud of smoke or ink. This lowers the target's accuracy.
Snore,normal,15,50,100,This attack can be used only if the user is asleep. The harsh noise may also make the target flinch.
Soft-Boiled,normal,10,--,--,The user restores its own HP by up to half of its max HP.
Sonic Boom,normal,20,--,90,The target is hit with a destructive shock wave that always inflicts 20 HP damage.
Spike Cannon,normal,15,20,100,Sharp spikes are shot at the target in rapid succession. They hit two to five times in a row.
Spit Up,normal,10,--,100,"The power stored using the move Stockpile is released at once in an attack. The more power is stored, the greater the move's power."
Splash,normal,40,--,--,The user just flops and splashes around to no effect at all...
Spotlight,normal,15,--,--,The user shines a spotlight on the target so that only the target will be attacked during the turn.
Stockpile,normal,20,--,--,The user charges up power and raises both its Defense and Sp. Def stats. The move can be used three times.
Stomp,normal,20,65,100,The target is stomped with a big foot. This may also make the target flinch.
Strength,normal,15,80,100,The target is slugged with a punch thrown at maximum power.
Struggle,normal,1,50,--,This attack is used in desperation only if the user has no PP. It also damages the user a little.
Substitute,normal,10,--,--,The user makes a copy of itself using some of its HP. The copy serves as the user's decoy.
Super Fang,normal,10,--,90,The user chomps hard on the target with its sharp front fangs. This cuts the target's HP in half.
Supersonic,normal,20,--,55,The user generates odd sound waves from its body that confuse the target.
Swagger,normal,15,--,85,"The user enrages and confuses the target. However, this also sharply raises the target's Attack stat."
Swallow,normal,10,--,--,The power stored using the move Stockpile is absorbed by the user to heal its HP. Storing more power heals more HP.
Sweet Scent,normal,20,--,100,A sweet scent that harshly lowers opposing Pokémon's evasiveness.
Swift,normal,20,60,--,Star-shaped rays are shot at the opposing Pokémon. This attack never misses.
Swords Dance,normal,20,--,--,A frenetic dance to uplift the fighting spirit. This sharply raises the user's Attack stat.
Tackle,normal,35,40,100,A physical attack in which the user charges and slams into the target with its whole body.
Tail Slap,normal,10,25,85,The user attacks by striking the target with its hard tail. It hits the target two to five times in a row.
Tail Whip,normal,30,--,100,"The user wags its tail cutely, making opposing Pokémon less wary and lowering their Defense stat."
Take Down,normal,20,90,85,"A reckless, full-body charge attack for slamming into the target. This also damages the user a little."
Tearful Look,normal,20,--,--,The user gets teary eyed to make the target lose its combative spirit. This lowers the target's Attack and Sp. Atk stats.
Techno Blast,normal,5,120,100,The user fires a beam of light at its target. The move's type changes depending on the Drive the user holds.
Teeter Dance,normal,20,--,100,The user performs a wobbly dance that confuses the Pokémon around it.
Thrash,normal,10,120,100,The user rampages and attacks for two to three turns. The user then becomes confused.
Tickle,normal,20,--,100,"The user tickles the target into laughing, reducing its Attack and Defense stats."
Transform,normal,10,--,--,The user transforms into a copy of the target right down to having the same move set.
Tri Attack,normal,10,80,100,"The user strikes with a simultaneous three-beam attack. May also burn, freeze, or paralyze the target."
Trump Card,normal,5,--,--,"The fewer PP this move has, the greater its power."
Uproar,normal,10,90,100,"The user attacks in an uproar for three turns. During that time, no Pokémon can fall asleep."
Vice Grip,normal,30,55,100,The target is gripped and squeezed from both sides to inflict damage.
Weather Ball,normal,10,50,100,This attack move varies in power and type depending on the weather.
Whirlwind,normal,20,--,--,"The target is blown away, and a different Pokémon is dragged out. In the wild, this ends a battle against a single Pokémon."
Wish,normal,10,--,--,"One turn after this move is used, the user's or its replacement's HP is restored by half the user's max HP."
Work Up,normal,30,--,--,"The user is roused, and its Attack and Sp. Atk stats increase."
Wrap,normal,20,15,90,"A long body, vines, or the like are used to wrap and squeeze the target for four to five turns."
Wring Out,normal,5,--,100,"The user powerfully wrings the target. The more HP the target has, the greater the move's power."
Yawn,normal,10,--,--,The user lets loose a huge yawn that lulls the target into falling asleep on the next turn.
Acid,poison,30,40,100,The opposing Pokémon are attacked with a spray of harsh acid. This may also lower their Sp. Def stat.
Acid Armor,poison,20,--,--,"The user alters its cellular structure to liquefy itself, sharply raising its Defense stat."
Acid Downpour,poison,1,--,--,"The user creates a poisonous swamp using its Z-Power and sinks the target into it at full force. The power varies, depending on the original move."
Acid Downpour,poison,1,--,--,"The user creates a poisonous swamp using its Z-Power and sinks the target into it at full force. The power varies, depending on the original move."
Acid Spray,poison,20,40,100,The user spits fluid that works to melt the target. This harshly lowers the target's Sp. Def stat.
Baneful Bunker,poison,10,--,--,"In addition to protecting the user from attacks, this move also poisons any attacker that makes direct contact."
Belch,poison,10,120,90,The user lets out a damaging belch at the target. The user must eat a held Berry to use this move.
Clear Smog,poison,15,50,--,The user attacks by throwing a clump of special mud. All stat changes are returned to normal.
Coil,poison,20,--,--,The user coils up and concentrates. This raises its Attack and Defense stats as well as its accuracy.
Cross Poison,poison,20,70,100,A slashing attack with a poisonous blade that may also poison the target. Critical hits land more easily.
Gastro Acid,poison,10,--,100,The user hurls up its stomach acids on the target. The fluid eliminates the effect of the target's Ability.
Gunk Shot,poison,5,120,80,The user shoots filthy garbage at the target to attack. This may also poison the target.
Poison Fang,poison,15,50,100,The user bites the target with toxic fangs. This may also leave the target badly poisoned.
Poison Gas,poison,40,--,90,"A cloud of poison gas is sprayed in the face of opposing Pokémon, poisoning those hit."
Poison Jab,poison,20,80,100,The target is stabbed with a tentacle or arm steeped in poison. This may also poison the target.
Poison Powder,poison,35,--,75,The user scatters a cloud of poisonous dust that poisons the target.
Poison Sting,poison,35,15,100,The user stabs the target with a poisonous stinger. This may also poison the target.
Poison Tail,poison,25,50,100,The user hits the target with its tail. This may also poison the target. Critical hits land more easily.
Purify,poison,20,--,--,"The user heals the target's status condition. If the move succeeds, it also restores the user's own HP."
Sludge,poison,20,65,100,Unsanitary sludge is hurled at the target. This may also poison the target.
Sludge Bomb,poison,10,90,100,Unsanitary sludge is hurled at the target. This may also poison the target.
Sludge Wave,poison,10,95,100,The user strikes everything around it by swamping the area with a giant sludge wave. This may also poison those hit.
Smog,poison,20,30,70,The target is attacked with a discharge of filthy gases. This may also poison the target.
Toxic,poison,10,--,90,A move that leaves the target badly poisoned. Its poison damage worsens every turn.
Toxic Spikes,poison,20,--,--,The user lays a trap of poison spikes at the feet of the opposing team. The spikes will poison opposing Pokémon that switch into battle.
Toxic Thread,poison,20,--,100,The user shoots poisonous threads to poison the target and lower the target's Speed stat.
Venom Drench,poison,20,--,100,"Opposing Pokémon are drenched in an odd poisonous liquid. This lowers the Attack, Sp. Atk, and Speed stats of a poisoned target."
Venoshock,poison,10,65,100,The user drenches the target in a special poisonous liquid. This move's power is doubled if the target is poisoned.
Agility,phychc,30,--,--,The user relaxes and lightens its body to move faster. This sharply raises the Speed stat.
Ally Switch,phychc,15,--,--,The user teleports using a strange power and switches places with one of its allies.
Amnesia,phychc,20,--,--,The user temporarily empties its mind to forget its concerns. This sharply raises the user's Sp. Def stat.
Barrier,phychc,20,--,--,The user throws up a sturdy wall that sharply raises its Defense stat.
Calm Mind,phychc,20,--,--,The user quietly focuses its mind and calms its spirit to raise its Sp. Atk and Sp. Def stats.
Confusion,phychc,25,50,100,The target is hit by a weak telekinetic force. This may also confuse the target.
Cosmic Power,phychc,20,--,--,The user absorbs a mystical power from space to raise its Defense and Sp. Def stats.
Dream Eater,phychc,15,100,100,The user eats the dreams of a sleeping target. It absorbs half the damage caused to heal its own HP.
Extrasensory,phychc,20,80,100,"The user attacks with an odd, unseeable power. This may also make the target flinch."
Future Sight,phychc,10,120,100,"Two turns after this move is used, a hunk of psychic energy attacks the target."
Genesis Supernova,phychc,1,185,--,"After obtaining Z-Power, the user, Mew, attacks the target with full force. The terrain will be charged with psychic energy."
Gravity,phychc,5,--,--,Enables Flying-type Pokémon or Pokémon with the Levitate Ability to be hit by Ground-type moves. Flying moves can't be used.
Guard Split,phychc,10,--,--,The user employs its psychic power to average its Defense and Sp. Def stats with those of the target.
Guard Swap,phychc,10,--,--,The user employs its psychic power to switch changes to its Defense and Sp. Def stats with the target.
Heal Block,phychc,15,--,100,"For five turns, the user prevents the opposing team from using any moves, Abilities, or held items that recover HP."
Heal Pulse,phychc,10,--,--,The user emits a healing pulse that restores the target's HP by up to half of its max HP.
Healing Wish,phychc,10,--,--,"The user faints. In return, the Pokémon taking its place will have its HP restored and status conditions cured."
Heart Stamp,phychc,25,60,100,The user unleashes a vicious blow after its cute act makes the target less wary. This may also make the target flinch.
Heart Swap,phychc,10,--,--,The user employs its psychic power to switch stat changes with the target.
Hyperspace Hole,phychc,5,80,--,"Using a hyperspace hole, the user appears right next to the target and strikes. This also hits a target using a move such as Protect or Detect."
Hypnosis,phychc,20,--,60,The user employs hypnotic suggestion to make the target fall into a deep sleep.
Imprison,phychc,10,--,--,"If opposing Pokémon know any move also known by the user, they are prevented from using it."
Instruct,phychc,15,--,--,The user instructs the target to use the target's last move again.
Kinesis,phychc,15,--,80,The user distracts the target by bending a spoon. This lowers the target's accuracy.
Light Screen,phychc,30,--,--,A wondrous wall of light is put up to reduce damage from special attacks for five turns.
Light That Burns the Sky,phychc,1,200,--,"This attack inflicts Attack or Sp. Atk damageâ€” whichever stat is higher for the user, Necrozma. This move ignores the target's Ability."
Lunar Dance,phychc,10,--,--,"The user faints. In return, the Pokémon taking its place will have its status and HP fully restored."
Luster Purge,phychc,5,70,100,The user lets loose a damaging burst of light. This may also lower the target's Sp. Def stat.
Magic Coat,phychc,15,--,--,A barrier reflects back to the target moves like Leech Seed and moves that damage status.
Magic Room,phychc,10,--,--,The user creates a bizarre area in which Pokémon's held items lose their effects for five turns.
Meditate,phychc,40,--,--,The user meditates to awaken the power deep within its body and raise its Attack stat.
Miracle Eye,phychc,40,--,--,Enables a Dark-type target to be hit by Psychic-type attacks. This also enables an evasive target to be hit.
Mirror Coat,phychc,20,--,100,"A retaliation move that counters any special attack, inflicting double the damage taken."
Mist Ball,phychc,5,70,100,A mist-like flurry of down envelops and damages the target. This may also lower the target's Sp. Atk stat.
Photon Geyser,phychc,5,100,100,The user attacks a target with a pillar of light. This move inflicts Attack or Sp. Atk damageâ€”whichever stat is higher for the user.
Power Split,phychc,10,--,--,The user employs its psychic power to average its Attack and Sp. Atk stats with those of the target.
Power Swap,phychc,10,--,--,The user employs its psychic power to switch changes to its Attack and Sp. Atk stats with the target.
Power Trick,phychc,10,--,--,The user employs its psychic power to switch its Attack stat with its Defense stat.
Prismatic Laser,phychc,10,160,100,The user shoots powerful lasers using the power of a prism. The user can't move on the next turn.
Psybeam,phychc,20,65,100,The target is attacked with a peculiar ray. This may also leave the target confused.
Psychic,phychc,10,90,100,The target is hit by a strong telekinetic force. This may also lower the target's Sp. Def stat.
Psychic Fangs,phychc,10,85,100,The user bites the target with its psychic capabilities. This can also destroy Light Screen and Reflect.
Psychic Terrain,phychc,10,--,--,This protects Pokémon on the ground from priority moves and powers up Psychic-type moves for five turns.
Psycho Boost,phychc,5,140,90,The user attacks the target at full power. The attack's recoil harshly lowers the user's Sp. Atk stat.
Psycho Cut,phychc,20,70,100,The user tears at the target with blades formed by psychic power. Critical hits land more easily.
Psycho Shift,phychc,10,--,100,"Using its psychic power of suggestion, the user transfers its status conditions to the target."
Psyshock,phychc,10,80,100,The user materializes an odd psychic wave to attack the target. This attack does physical damage.
Psystrike,phychc,10,100,100,The user materializes an odd psychic wave to attack the target. This attack does physical damage.
Psywave,phychc,15,--,100,The target is attacked with an odd psychic wave. The attack varies in intensity.
Reflect,phychc,20,--,--,A wondrous wall of light is put up to reduce damage from physical attacks for five turns.
Rest,phychc,10,--,--,The user goes to sleep for two turns. This fully restores the user's HP and heals any status conditions.
Role Play,phychc,10,--,--,"The user mimics the target completely, copying the target's natural Ability."
Shattered Psyche,phychc,1,--,--,"The user controls the target with its Z-Power and hurts the target with full force. The power varies, depending on the original move."
Shattered Psyche,phychc,1,--,--,"The user controls the target with its Z-Power and hurts the target with full force. The power varies, depending on the original move."
Skill Swap,phychc,10,--,--,The user employs its psychic power to exchange Abilities with the target.
Speed Swap,phychc,10,--,--,The user exchanges Speed stats with the target.
Stored Power,phychc,10,20,100,"The user attacks the target with stored power. The more the user's stats are raised, the greater the move's power."
Synchronoise,phychc,10,120,100,"Using an odd shock wave, the user inflicts damage on any Pokémon of the same type in the area around it."
Telekinesis,phychc,15,--,--,The user makes the target float with its psychic power. The target is easier to hit for three turns.
Teleport,phychc,20,--,--,Use it to flee from any wild Pokémon.
Trick,phychc,10,--,100,The user catches the target off guard and swaps its held item with its own.
Trick Room,phychc,5,--,--,The user creates a bizarre area in which slower Pokémon get to move first for five turns.
Wonder Room,phychc,10,--,--,The user creates a bizarre area in which Pokémon's Defense and Sp. Def stats are swapped for five turns.
Zen Headbutt,phychc,15,80,90,The user focuses its willpower to its head and attacks the target. This may also make the target flinch.
Accelerock,rock,20,40,100,The user smashes into the target at high speed. This move always goes first.
Ancient Power,rock,5,60,100,The user attacks with a prehistoric power. This may also raise all the user's stats at once.
Continental Crush,rock,1,--,--,"The user summons a huge rock mountain using its Z-Power and drops it onto the target with full force. The power varies, depending on the original move."
Continental Crush,rock,1,--,--,"The user summons a huge rock mountain using its Z-Power and drops it onto the target with full force. The power varies, depending on the original move."
Diamond Storm,rock,5,100,95,The user whips up a storm of diamonds to damage opposing Pokémon. This may also sharply raise the user's Defense stat.
Head Smash,rock,5,150,80,"The user attacks the target with a hazardous, full-power headbutt. This also damages the user terribly."
Power Gem,rock,20,80,100,The user attacks with a ray of light that sparkles as if it were made of gemstones.
Rock Blast,rock,10,25,90,The user hurls hard rocks at the target. Two to five rocks are launched in a row.
Rock Polish,rock,20,--,--,The user polishes its body to reduce drag. This can sharply raise the Speed stat.
Rock Slide,rock,10,75,90,Large boulders are hurled at the opposing Pokémon to inflict damage. This may also make the opposing Pokémon flinch.
Rock Throw,rock,15,50,90,The user picks up and throws a small rock at the target to attack.
Rock Tomb,rock,15,60,95,Boulders are hurled at the target. This also lowers the target's Speed stat by preventing its movement.
Rock Wrecker,rock,5,150,90,The user launches a huge boulder at the target to attack. The user can't move on the next turn.
Rollout,rock,20,30,90,The user continually rolls into the target over five turns. It becomes more powerful each time it hits.
Sandstorm,rock,10,--,--,"A five-turn sandstorm is summoned to hurt all combatants except the Rock, Ground, and Steel types. It raises the Sp. Def stat of Rock types."
Smack Down,rock,15,50,100,The user throws a stone or similar projectile to attack an opponent. A flying Pokémon will fall to the ground when it's hit.
Splintered Stormshards,rock,1,190,--,"After obtaining Z-Power, the user, Lycanroc, attacks the target with full force. This move negates the effect on the battlefield."
Stealth Rock,rock,20,--,--,The user lays a trap of levitating stones around the opposing team. The trap hurts opposing Pokémon that switch into battle.
Stone Edge,rock,5,100,80,The user stabs the target from below with sharpened stones. Critical hits land more easily.
Wide Guard,rock,10,--,--,The user and its allies are protected from wide-ranging attacks for one turn.
Anchor Shot,steel,20,80,100,The user entangles the target with its anchor chain while attacking. The target becomes unable to flee.
Autotomize,steel,15,--,--,The user sheds part of its body to make itself lighter and sharply raise its Speed stat.
Bullet Punch,steel,30,40,100,The user strikes the target with tough punches as fast as bullets. This move always goes first.
Corkscrew Crash,steel,1,--,--,"The user spins very fast and rams into the target with the full force of its Z-Power. The power varies, depending on the original move."
Corkscrew Crash,steel,1,--,--,"The user spins very fast and rams into the target with the full force of its Z-Power. The power varies, depending on the original move."
Doom Desire,steel,5,140,100,"Two turns after this move is used, a concentrated bundle of light blasts the target."
Flash Cannon,steel,10,80,100,The user gathers all its light energy and releases it all at once. This may also lower the target's Sp. Def stat.
Gear Grind,steel,15,50,85,The user attacks by throwing steel gears at its target twice.
Gear Up,steel,20,--,--,The user engages its gears to raise the Attack and Sp. Atk stats of ally Pokémon with the Plus or Minus Ability.
Gyro Ball,steel,5,--,100,"The user tackles the target with a high-speed spin. The slower the user compared to the target, the greater the move's power."
Heavy Slam,steel,10,--,100,"The user slams into the target with its heavy body. The more the user outweighs the target, the greater the move's power."
Iron Defense,steel,15,--,--,"The user hardens its body's surface like iron, sharply raising its Defense stat."
Iron Head,steel,15,80,100,The user slams the target with its steel-hard head. This may also make the target flinch.
Iron Tail,steel,15,100,75,The target is slammed with a steel-hard tail. This may also lower the target's Defense stat.
King's Shield,steel,10,--,--,The user takes a defensive stance while it protects itself from damage. It also harshly lowers the Attack stat of any attacker who makes direct contact.
Magnet Bomb,steel,20,60,--,The user launches steel bombs that stick to the target. This attack never misses.
Metal Burst,steel,10,--,100,The user retaliates with much greater force against the opponent that last inflicted damage on it.
Metal Claw,steel,35,50,95,The target is raked with steel claws. This may also raise the user's Attack stat.
Metal Sound,steel,40,--,85,A horrible sound like scraping metal harshly lowers the target's Sp. Def stat.
Meteor Mash,steel,10,90,90,The target is hit with a hard punch fired like a meteor. This may also raise the user's Attack stat.
Mirror Shot,steel,10,65,85,The user lets loose a flash of energy at the target from its polished body. This may also lower the target's accuracy.
Searing Sunraze Smash,steel,1,200,--,"After obtaining Z-Power, the user, Solgaleo, attacks the target with full force. This move can ignore the effect of the target's Ability."
Shift Gear,steel,10,--,--,"The user rotates its gears, raising its Attack stat and sharply raising its Speed stat."
Smart Strike,steel,10,70,--,The user stabs the target with a sharp horn. This attack never misses.
Steel Wing,steel,25,70,90,The target is hit with wings of steel. This may also raise the user's Defense stat.
Sunsteel Strike,steel,5,100,100,The user slams into the target with the force of a meteor. This move can be used on the target regardless of its Abilities.
Aqua Jet,water,20,40,100,The user lunges at the target at a speed that makes it almost invisible. This move always goes first.
Aqua Ring,water,20,--,--,The user envelops itself in a veil made of water. It regains some HP every turn.
Aqua Tail,water,10,90,90,The user attacks by swinging its tail as if it were a vicious wave in a raging storm.
Brine,water,10,65,100,"If the target's HP is half or less, this attack will hit with double the power."
Bubble,water,30,40,100,A spray of countless bubbles is jetted at the opposing Pokémon. This may also lower their Speed stat.
Bubble Beam,water,20,65,100,A spray of bubbles is forcefully ejected at the target. This may also lower its Speed stat.
Clamp,water,15,35,85,The target is clamped and squeezed by the user's very thick and sturdy shell for four to five turns.
Crabhammer,water,10,100,90,The target is hammered with a large pincer. Critical hits land more easily.
Dive,water,10,80,100,"Diving on the first turn, the user floats up and attacks on the next turn."
Hydro Cannon,water,5,150,90,The target is hit with a watery blast. The user can't move on the next turn.
Hydro Pump,water,5,110,80,The target is blasted by a huge volume of water launched under great pressure.
Hydro Vortex,water,1,--,--,"The user creates a huge whirling current using its Z-Power to swallow the target with full force. The power varies, depending on the original move."
Hydro Vortex,water,1,--,--,"The user creates a huge whirling current using its Z-Power to swallow the target with full force. The power varies, depending on the original move."
Liquidation,water,10,85,100,The user slams into the target using a full-force blast of water. This may also lower the target's Defense stat.
Muddy Water,water,10,90,85,The user attacks by shooting muddy water at the opposing Pokémon. This may also lower their accuracy.
Oceanic Operetta,water,1,195,--,"The user, Primarina, summons a massive amount of water using its Z-Power and attacks the target with full force."
Octazooka,water,10,65,85,The user attacks by spraying ink in the target's face or eyes. This may also lower the target's accuracy.
Origin Pulse,water,10,110,85,The user attacks opposing Pokémon with countless beams of light that glow a deep and brilliant blue.
Rain Dance,water,5,--,--,"The user summons a heavy rain that falls for five turns, powering up Water-type moves. It lowers the power of Fire-type moves."
Razor Shell,water,10,75,95,The user cuts its target with sharp shells. This may also lower the target's Defense stat.
Scald,water,15,80,100,The user shoots boiling hot water at its target. This may also leave the target with a burn.
Soak,water,20,--,100,The user shoots a torrent of water at the target and changes the target's type to Water.
Sparkling Aria,water,10,90,100,"The user bursts into song, emitting many bubbles. Any Pokémon suffering from a burn will be healed by the touch of these bubbles."
Steam Eruption,water,5,110,95,The user immerses the target in superheated steam. This may also leave the target with a burn.
Surf,water,15,90,100,The user attacks everything around it by swamping its surroundings with a giant wave.
Water Gun,water,25,40,100,The target is blasted with a forceful shot of water.
Water Pledge,water,10,80,100,"A column of water strikes the target. When combined with its fire equivalent, its power increases and a rainbow appears."
Water Pulse,water,20,60,100,The user attacks the target with a pulsing blast of water. This may also confuse the target.
Water Shuriken,water,20,15,100,The user hits the target with throwing stars two to five times in a row. This move always goes first.
Water Sport,water,15,--,--,The user soaks the battlefield with water. This weakens Fire-type moves for five turns.
Water Spout,water,5,150,100,"The user spouts water to damage opposing Pokémon. The lower the user's HP, the lower the move's power."
Waterfall,water,15,80,100,The user charges at the target and may make it flinch.
Whirlpool,water,15,35,85,The user traps the target in a violent swirling whirlpool for four to five turns.
Withdraw,water,40,--,--,"The user withdraws its body into its hard shell, raising its Defense stat."